Departamento,Municipio,Latitud,Longitud,Geolocalizacion,Operadora,Contrato,Campo,Enero,Febrero,Marzo,Abril,Mayo,Junio,Julio,Agosto,Septiembre,Octubre,Noviembre,Diciembre
ANTIOQUIA,PUERTO NARE,6.126539139,-74.70317722,POINT (-74.70317722 6.126539139),MANSAROVAR ENERGY COLOMBIA LTD,NARE SUR,NARE,1200,1253,1420,1481,1499,1473,1261,1248,10835,325050,,
ANTIOQUIA,PUERTO NARE,6.126539139,-74.70317722,POINT (-74.70317722 6.126539139),MANSAROVAR ENERGY COLOMBIA LTD,NARE SUR,NARE,151,148,170,181,163,104,156,139,1212,36360,,
ANTIOQUIA,PUERTO NARE,6.126539139,-74.70317722,POINT (-74.70317722 6.126539139),MANSAROVAR ENERGY COLOMBIA LTD,UNDERRIVER,NARE,492,570,640,657,429,229,324,423,3764,112920,,
ANTIOQUIA,PUERTO TRIUNFO,5.954830151,-74.6861918,POINT (-74.6861918 5.954830151),ECOPETROL S.A.,AREA TECA-COCORNA,TECA-COCORNA,77,80,80,73,71,65,48,51,545,16350,,
ANTIOQUIA,YONDO,6.925159318,-74.15824041,POINT (-74.15824041 6.925159318),ECOPETROL S.A.,CASABE,MAGDALENA MEDIO-CASABE,10438,9792,10159,9852,9707,9397,9283,9394,78022,2340660,,
ANTIOQUIA,YONDO,6.925159318,-74.15824041,POINT (-74.15824041 6.925159318),ECOPETROL S.A.,CASABE SUR,MAGDALENA MEDIO-CASABE,1737,1822,1687,1665,1740,1751,1780,1868,14050,421500,,
ANTIOQUIA,YONDO,6.925159318,-74.15824041,POINT (-74.15824041 6.925159318),ECOPETROL S.A.,PEÑAS BLANCAS,MAGDALENA MEDIO-CASABE,959,940,961,928,924,919,881,809,7321,219630,,
ARAUCA,ARAUCA,6.796280825,-70.50921153,POINT (-70.50921153 6.796280825),SIERRACOL ENERGY ARAUCA LLC,CAÑO LIMÓN,CRAVO NORTE,19875,19959,19961,20317,20105,19351,14144,18306,152018,4560540,,
ARAUCA,ARAUCA,6.796280825,-70.50921153,POINT (-70.50921153 6.796280825),SIERRACOL ENERGY ARAUCA LLC,CAÑO YARUMAL,CRAVO NORTE,2590,2480,2395,2526,2567,2296,1446,2571,18871,566130,,
ARAUCA,ARAUCA,6.796280825,-70.50921153,POINT (-70.50921153 6.796280825),SIERRACOL ENERGY ARAUCA LLC,CHIPIRÓN,CHIPIRÓN,4073,4116,4599,5034,5288,5201,4890,4662,37863,1135890,,
ARAUCA,ARAUCA,6.796280825,-70.50921153,POINT (-70.50921153 6.796280825),SIERRACOL ENERGY ARAUCA LLC,GALEMBO,CHIPIRÓN,53,55,57,64,67,64,54,54,468,14040,,
ARAUCA,ARAUCA,6.796280825,-70.50921153,POINT (-70.50921153 6.796280825),SIERRACOL ENERGY ARAUCA LLC,MACANA,CHIPIRÓN,77,48,194,233,192,187,174,101,1206,36180,,
ARAUCA,ARAUQUITA,6.799338394,-71.29827429,POINT (-71.29827429 6.799338394),SIERRACOL ENERGY ARAUCA LLC,ARAGUATO,CHIPIRÓN,57,58,59,57,56,56,56,57,456,13680,,
ARAUCA,ARAUQUITA,6.799338394,-71.29827429,POINT (-71.29827429 6.799338394),SIERRACOL ENERGY ARAUCA LLC,BAYONERO,CHIPIRÓN,350,337,296,284,270,246,245,206,2234,67020,,
ARAUCA,ARAUQUITA,6.799338394,-71.29827429,POINT (-71.29827429 6.799338394),SIERRACOL ENERGY ARAUCA LLC,CANAGUEY,COSECHA,788,695,813,819,516,609,675,876,5791,173730,,
ARAUCA,ARAUQUITA,6.799338394,-71.29827429,POINT (-71.29827429 6.799338394),SIERRACOL ENERGY ARAUCA LLC,CAÑO LIMÓN,CRAVO NORTE,631,600,600,557,566,545,507,519,4525,135750,,
ARAUCA,ARAUQUITA,6.799338394,-71.29827429,POINT (-71.29827429 6.799338394),SIERRACOL ENERGY ARAUCA LLC,CAÑO RONDÓN,RONDÓN,1714,1745,1637,1491,1477,1517,1121,1423,12125,363750,,
ARAUCA,ARAUQUITA,6.799338394,-71.29827429,POINT (-71.29827429 6.799338394),SIERRACOL ENERGY ARAUCA LLC,CARICARE,RONDÓN,2921,2934,2691,2578,2846,4085,3246,3725,25026,750780,,
ARAUCA,ARAUQUITA,6.799338394,-71.29827429,POINT (-71.29827429 6.799338394),SIERRACOL ENERGY ARAUCA LLC,CHIPIRÓN,CHIPIRÓN,71,72,71,71,71,70,70,72,568,17040,,
ARAUCA,ARAUQUITA,6.799338394,-71.29827429,POINT (-71.29827429 6.799338394),SIERRACOL ENERGY ARAUCA LLC,FINN,COSECHA,1440,1338,1252,1183,1228,1190,936,1118,9685,290550,,
ARAUCA,ARAUQUITA,6.799338394,-71.29827429,POINT (-71.29827429 6.799338394),SIERRACOL ENERGY ARAUCA LLC,JIBA,CHIPIRÓN,25,28,28,28,28,28,16,29,210,6300,,
ARAUCA,ARAUQUITA,6.799338394,-71.29827429,POINT (-71.29827429 6.799338394),SIERRACOL ENERGY ARAUCA LLC,JIBA UNIFICADO,CHIPIRÓN,293,304,309,309,307,308,182,272,2284,68520,,
ARAUCA,ARAUQUITA,6.799338394,-71.29827429,POINT (-71.29827429 6.799338394),SIERRACOL ENERGY ARAUCA LLC,MORROCOY,COSECHA,134,193,162,137,123,99,0,0,848,25440,,
ARAUCA,ARAUQUITA,6.799338394,-71.29827429,POINT (-71.29827429 6.799338394),SIERRACOL ENERGY ARAUCA LLC,REDONDO,CRAVO NORTE,954,923,900,885,971,1096,902,1393,8024,240720,,
ARAUCA,ARAUQUITA,6.799338394,-71.29827429,POINT (-71.29827429 6.799338394),SIERRACOL ENERGY ARAUCA LLC,REDONDO ESTE,CRAVO NORTE,35,34,35,38,38,36,35,40,291,8730,,
ARAUCA,ARAUQUITA,6.799338394,-71.29827429,POINT (-71.29827429 6.799338394),SIERRACOL ENERGY ARAUCA LLC,REX,COSECHA,147,143,151,150,153,154,127,168,1193,35790,,
ARAUCA,ARAUQUITA,6.799338394,-71.29827429,POINT (-71.29827429 6.799338394),SIERRACOL ENERGY ARAUCA LLC,REX NE,COSECHA,12596,12320,12044,11538,10793,10492,8612,9920,88315,2649450,,
ARAUCA,ARAUQUITA,6.799338394,-71.29827429,POINT (-71.29827429 6.799338394),SIERRACOL ENERGY ARAUCA LLC,TERECAY,COSECHA,1288,1264,1258,1713,1471,1259,993,1225,10471,314130,,
ARAUCA,TAME,6.390650479,-71.79178647,POINT (-71.79178647 6.390650479),PAREX RESOURCES COLOMBIA LTD. SUCURSAL,ANDINA,CAPACHOS,7341,8863,8458,8020,2853,3832,6680,7486,53533,1605990,,
ARAUCA,TAME,6.390650479,-71.79178647,POINT (-71.79178647 6.390650479),PAREX RESOURCES COLOMBIA LTD. SUCURSAL,CAPACHOS,CAPACHOS,533,0,587,568,192,790,1357,1078,5105,153150,,
ATLANTICO,PONEDERA,10.59465102,-74.79847316,POINT (-74.79847316 10.59465102),LEWIS ENERGY COLOMBIA INC,MERECUMBE,SSJN-1,1,0,0,0,0,0,0,0,1,30,,
ATLANTICO,SABANALARGA,10.62250777,-74.95510542,POINT (-74.95510542 10.62250777),LEWIS ENERGY COLOMBIA INC,BULLERENGUE,SSJN-1,533,549,542,551,541,527,505,507,4255,127650,,
BOLIVAR,CANTAGALLO,7.239229146,-74.10014043,POINT (-74.10014043 7.239229146),ECOPETROL S.A.,YARIGUÍ-CANTAGALLO,MAGDALENA MEDIO-YARIGUI-CANTAGALLO,15442,15225,16009,15094,16155,15534,13839,14396,121694,3650820,,
BOLIVAR,CICUCO,9.235268598,-74.68840962,POINT (-74.68840962 9.235268598),HOCOL S.A.,CICUCO,CICUCO BOQUETE,526,527,503,487,472,452,436,427,3830,114900,,
BOLIVAR,TALAIGUA NUEVO,9.269516705,-74.58695233,POINT (-74.58695233 9.269516705),HOCOL S.A.,BOQUETE,CICUCO BOQUETE,60,63,51,36,50,46,38,34,378,11340,,
BOLIVAR,TALAIGUA NUEVO,9.269516705,-74.58695233,POINT (-74.58695233 9.269516705),HOCOL S.A.,CICUCO,CICUCO BOQUETE,209,212,213,204,204,208,200,211,1661,49830,,
BOYACA,CORRALES,5.82454582,-72.84544845,POINT (-72.84544845 5.82454582),UNION TEMPORAL OMEGA ENERGY,CORRALES,BUENAVISTA,119,122,139,183,178,182,194,190,1307,39210,,
BOYACA,PUERTO BOYACA,5.953466654,-74.4528581,POINT (-74.4528581 5.953466654),MANSAROVAR ENERGY COLOMBIA LTD,ABARCO,NARE,2606,2467,2523,2526,2242,1482,2179,2037,18062,541860,,
BOYACA,PUERTO BOYACA,5.953466654,-74.4528581,POINT (-74.4528581 5.953466654),ECOPETROL S.A.,CAIPAL,PALAGUA,512,523,550,505,647,716,690,745,4888,146640,,
BOYACA,PUERTO BOYACA,5.953466654,-74.4528581,POINT (-74.4528581 5.953466654),MANSAROVAR ENERGY COLOMBIA LTD,GIRASOL,NARE,2412,2403,2564,2563,2305,1041,2209,2250,17747,532410,,
BOYACA,PUERTO BOYACA,5.953466654,-74.4528581,POINT (-74.4528581 5.953466654),MANSAROVAR ENERGY COLOMBIA LTD,JAZMIN,NARE,2795,2738,2784,2852,2577,1301,2330,2516,19893,596790,,
BOYACA,PUERTO BOYACA,5.953466654,-74.4528581,POINT (-74.4528581 5.953466654),MANSAROVAR ENERGY COLOMBIA LTD,MORICHE,NARE,8826,9127,8620,8598,8462,6658,8069,8088,66448,1993440,,
BOYACA,PUERTO BOYACA,5.953466654,-74.4528581,POINT (-74.4528581 5.953466654),ECOPETROL S.A.,PALAGUA,PALAGUA,6198,6311,6192,6216,6546,6694,7009,6685,51851,1555530,,
BOYACA,PUERTO BOYACA,5.953466654,-74.4528581,POINT (-74.4528581 5.953466654),TPL COLOMBIA LTD - SUCURSAL COLOMBIA,TURPIAL,TURPIAL,126,123,117,116,118,114,121,113,948,28440,,
BOYACA,PUERTO BOYACA,5.953466654,-74.4528581,POINT (-74.4528581 5.953466654),MANSAROVAR ENERGY COLOMBIA LTD,UNDERRIVER,NARE,1044,921,797,837,721,232,864,926,6342,190260,,
BOYACA,PUERTO BOYACA,5.953466654,-74.4528581,POINT (-74.4528581 5.953466654),MANSAROVAR ENERGY COLOMBIA LTD,VELASQUEZ,GUAGUAQUI - TERAN,2656,2727,2687,2834,2851,2806,2961,2980,22502,675060,,
BOYACA,SAN LUIS DE GACENO,4.798203543,-73.13397018,POINT (-73.13397018 4.798203543),NIKOIL ENERGY CORP,MEDINA,CÓNDOR,45,44,48,48,47,46,44,0,322,9660,,
BOYACA,TOPAGA,5.765350303,-72.83672958,POINT (-72.83672958 5.765350303),UNION TEMPORAL OMEGA ENERGY,BOLÍVAR,BUENAVISTA,33,33,33,33,33,33,32,32,262,7860,,
CASANARE,AGUAZUL,5.126121886,-72.54821017,POINT (-72.54821017 5.126121886),ECOPETROL S.A.,CUPIAGUA,ECOP-SDLA-OP-DIRECTA,5144,4919,4856,4946,5246,4934,4978,4542,39565,1186950,,
CASANARE,AGUAZUL,5.126121886,-72.54821017,POINT (-72.54821017 5.126121886),ECOPETROL S.A.,CUPIAGUA LIRIA,RECETOR,1903,1863,1915,1881,1970,1799,1987,1309,14627,438810,,
CASANARE,AGUAZUL,5.126121886,-72.54821017,POINT (-72.54821017 5.126121886),ECOPETROL S.A.,CUPIAGUA SUR,ECOP-SDLA-OP-DIRECTA,1420,1457,1376,1395,1208,1313,1396,1435,11000,330000,,
CASANARE,AGUAZUL,5.126121886,-72.54821017,POINT (-72.54821017 5.126121886),ECOPETROL S.A.,CUSIANA NORTE,CUSIANA NORTE,368,372,339,354,345,321,334,307,2740,82200,,
CASANARE,AGUAZUL,5.126121886,-72.54821017,POINT (-72.54821017 5.126121886),PERENCO COLOMBIA LIMITED,LA GLORIA,CASANARE,356,381,363,368,332,367,361,360,2888,86640,,
CASANARE,AGUAZUL,5.126121886,-72.54821017,POINT (-72.54821017 5.126121886),CEPSA COLOMBIA S.A.,RAMIRIQUI,LLA 22,846,812,795,787,707,359,82,710,5098,152940,,
CASANARE,AGUAZUL,5.126121886,-72.54821017,POINT (-72.54821017 5.126121886),PAREX RESOURCES COLOMBIA LTD. SUCURSAL,RUMBA,LLA 26,1231,1107,984,984,904,1169,1093,1114,8586,257580,,
CASANARE,HATO COROZAL,6.03948032,-71.52445752,POINT (-71.52445752 6.03948032),GREEN POWER SUCURSAL COLOMBIA,OJO DE TIGRE,JOROPO,0,0,0,0,0,137,69,94,300,9000,,
CASANARE,MANI,4.675769488,-72.21280273,POINT (-72.21280273 4.675769488),EMERALD ENERGY PLC SUCURSAL COLOMBIA,CAMPO RICO,CAMPO RICO,279,278,274,273,272,271,287,287,2221,66630,,
CASANARE,MANI,4.675769488,-72.21280273,POINT (-72.21280273 4.675769488),EMERALD ENERGY PLC SUCURSAL COLOMBIA,CENTAURO SUR,CAMPO RICO,25,26,25,25,26,28,46,69,270,8100,,
CASANARE,MANI,4.675769488,-72.21280273,POINT (-72.21280273 4.675769488),PETROLEOS SUD AMERICANOS SUCURSAL COLOMBIA,ENTRERRIOS,ENTRERRIOS,0,0,0,0,175,253,281,301,1010,30300,,
CASANARE,MANI,4.675769488,-72.21280273,POINT (-72.21280273 4.675769488),COLOMBIA ENERGY DEVELOPMENT CO,ESTERO,ALCARAVÁN,80,79,80,79,80,80,81,85,644,19320,,
CASANARE,MANI,4.675769488,-72.21280273,POINT (-72.21280273 4.675769488),PETROLEOS SUD AMERICANOS SUCURSAL COLOMBIA,GUARIMENA,RIO META,136,143,140,135,111,118,113,103,999,29970,,
CASANARE,MANI,4.675769488,-72.21280273,POINT (-72.21280273 4.675769488),PERENCO COLOMBIA LIMITED,LA GLORIA,CASANARE,254,257,231,244,37,0,0,0,1023,30690,,
CASANARE,MANI,4.675769488,-72.21280273,POINT (-72.21280273 4.675769488),HOCOL S.A.,LA PUNTA,LA PUNTA,591,511,459,407,365,328,296,263,3220,96600,,
CASANARE,MANI,4.675769488,-72.21280273,POINT (-72.21280273 4.675769488),COLOMBIA ENERGY DEVELOPMENT CO,LOS HATOS,LOS HATOS,41,41,40,37,39,38,38,39,313,9390,,
CASANARE,MANI,4.675769488,-72.21280273,POINT (-72.21280273 4.675769488),Frontera Energy Colombia Corp Sucursal Colombia,MANTIS,CASIMENA,454,521,354,408,491,531,514,527,3800,114000,,
CASANARE,MANI,4.675769488,-72.21280273,POINT (-72.21280273 4.675769488),Frontera Energy Colombia Corp Sucursal Colombia,PISINGO,CASIMENA,546,521,542,543,490,533,514,523,4212,126360,,
CASANARE,MANI,4.675769488,-72.21280273,POINT (-72.21280273 4.675769488),EMERALD ENERGY PLC SUCURSAL COLOMBIA,VIGIA SUR,CAMPO RICO,0,298,230,233,329,332,338,343,2103,63090,,
CASANARE,MANI,4.675769488,-72.21280273,POINT (-72.21280273 4.675769488),Frontera Energy Colombia Corp Sucursal Colombia,YENAC,CASIMENA,181,179,328,331,182,223,262,284,1970,59100,,
CASANARE,MONTERREY,4.841308642,-72.8473434,POINT (-72.8473434 4.841308642),Frontera Energy Colombia Corp Sucursal Colombia,Canaguay,CANAGUARO,270,340,257,459,494,326,463,330,2939,88170,,
CASANARE,NUNCHIA,5.529181235,-72.09251937,POINT (-72.09251937 5.529181235),PERENCO COLOMBIA LIMITED,TIERRA BLANCA,CASANARE,0,0,11,2,1,0,0,3,17,510,,
CASANARE,OROCUE,4.915139133,-71.59873966,POINT (-71.59873966 4.915139133),OIRU CORPORATION,ALEPE,NASHIRA,179,181,146,180,143,140,142,144,1255,37650,,
CASANARE,OROCUE,4.915139133,-71.59873966,POINT (-71.59873966 4.915139133),OIRU CORPORATION,ALVA SUR,NASHIRA,25,8,21,394,29,286,335,273,1371,41130,,
CASANARE,OROCUE,4.915139133,-71.59873966,POINT (-71.59873966 4.915139133),Frontera Energy Colombia Corp Sucursal Colombia,BASTIDAS,CRAVOVIEJO,326,368,380,358,358,363,381,329,2863,85890,,
CASANARE,OROCUE,4.915139133,-71.59873966,POINT (-71.59873966 4.915139133),COLOMBIA ENERGY DEVELOPMENT CO,CANACABARE,ALCARAVÁN,463,447,420,386,363,306,304,332,3021,90630,,
CASANARE,OROCUE,4.915139133,-71.59873966,POINT (-71.59873966 4.915139133),PERENCO COLOMBIA LIMITED,CANDALAY,GARCERO,0,0,13,20,22,24,26,12,117,3510,,
CASANARE,OROCUE,4.915139133,-71.59873966,POINT (-71.59873966 4.915139133),Frontera Energy Colombia Corp Sucursal Colombia,CARRIZALES,CRAVOVIEJO,221,248,247,268,261,319,384,372,2320,69600,,
CASANARE,OROCUE,4.915139133,-71.59873966,POINT (-71.59873966 4.915139133),Frontera Energy Colombia Corp Sucursal Colombia,CIRIGÜELO,CACHICAMO,111,107,106,100,106,109,106,95,840,25200,,
CASANARE,OROCUE,4.915139133,-71.59873966,POINT (-71.59873966 4.915139133),INVEPETROL LIMITED COLOMBIA,CURITO,CASANARE ESTE,131,128,128,106,109,108,103,107,920,27600,,
CASANARE,OROCUE,4.915139133,-71.59873966,POINT (-71.59873966 4.915139133),COLOMBIA ENERGY DEVELOPMENT CO,DANES,LLA 23,0,0,125,255,228,215,204,71,1098,32940,,
CASANARE,OROCUE,4.915139133,-71.59873966,POINT (-71.59873966 4.915139133),Frontera Energy Colombia Corp Sucursal Colombia,GRETA OTO,CACHICAMO,122,121,118,128,119,118,116,116,958,28740,,
CASANARE,OROCUE,4.915139133,-71.59873966,POINT (-71.59873966 4.915139133),Frontera Energy Colombia Corp Sucursal Colombia,GUACHARACA,CACHICAMO,168,180,185,177,190,185,173,159,1417,42510,,
CASANARE,OROCUE,4.915139133,-71.59873966,POINT (-71.59873966 4.915139133),PERENCO COLOMBIA LIMITED,GUANAPALO,ESTERO,127,127,97,58,24,0,0,0,433,12990,,
CASANARE,OROCUE,4.915139133,-71.59873966,POINT (-71.59873966 4.915139133),PERENCO COLOMBIA LIMITED,GUARILAQUE,OROCUÉ,771,743,758,773,790,795,811,734,6175,185250,,
CASANARE,OROCUE,4.915139133,-71.59873966,POINT (-71.59873966 4.915139133),PERENCO COLOMBIA LIMITED,GUASAR,GARCERO,173,173,170,176,173,183,188,147,1383,41490,,
CASANARE,OROCUE,4.915139133,-71.59873966,POINT (-71.59873966 4.915139133),Frontera Energy Colombia Corp Sucursal Colombia,HOATZIN,CACHICAMO,62,62,66,60,66,63,59,50,488,14640,,
CASANARE,OROCUE,4.915139133,-71.59873966,POINT (-71.59873966 4.915139133),Frontera Energy Colombia Corp Sucursal Colombia,HOATZIN NORTE,CACHICAMO,144,136,140,121,122,121,115,96,995,29850,,
CASANARE,OROCUE,4.915139133,-71.59873966,POINT (-71.59873966 4.915139133),PERENCO COLOMBIA LIMITED,JORCAN,GARCERO,61,57,58,58,58,57,61,62,472,14160,,
CASANARE,OROCUE,4.915139133,-71.59873966,POINT (-71.59873966 4.915139133),PERENCO COLOMBIA LIMITED,JORDÁN,GARCERO,203,190,219,332,344,296,302,329,2215,66450,,
CASANARE,OROCUE,4.915139133,-71.59873966,POINT (-71.59873966 4.915139133),COLOMBIA ENERGY DEVELOPMENT CO,LABRADOR,LLA 23,0,4,267,514,584,771,786,745,3671,110130,,
CASANARE,OROCUE,4.915139133,-71.59873966,POINT (-71.59873966 4.915139133),Frontera Energy Colombia Corp Sucursal Colombia,MATEMARRANO,CRAVOVIEJO,54,49,44,43,50,46,43,40,369,11070,,
CASANARE,OROCUE,4.915139133,-71.59873966,POINT (-71.59873966 4.915139133),LAS QUINCHAS RESOURCE CORP SURCURSAL COLOMBIA,MAURITÍA NORTE,MORICHE,795,787,754,741,719,720,737,748,6001,180030,,
CASANARE,OROCUE,4.915139133,-71.59873966,POINT (-71.59873966 4.915139133),OIRU CORPORATION,NASHIRA NORTE,NASHIRA,614,534,475,542,482,580,534,484,4245,127350,,
CASANARE,OROCUE,4.915139133,-71.59873966,POINT (-71.59873966 4.915139133),PERENCO COLOMBIA LIMITED,OROPÉNDOLA,OROPENDOLA,267,286,312,294,295,303,294,297,2348,70440,,
CASANARE,OROCUE,4.915139133,-71.59873966,POINT (-71.59873966 4.915139133),PERENCO COLOMBIA LIMITED,PARAVARE,GARCERO,158,173,171,165,165,161,165,164,1322,39660,,
CASANARE,OROCUE,4.915139133,-71.59873966,POINT (-71.59873966 4.915139133),PERENCO COLOMBIA LIMITED,PIRITO,GARCERO,0,0,39,65,63,58,65,66,356,10680,,
CASANARE,OROCUE,4.915139133,-71.59873966,POINT (-71.59873966 4.915139133),CANACOL ENERGY COLOMBIA SAS,RANCHO HERMOSO,RANCHO HERMOSO,646,645,638,627,634,706,731,722,5349,160470,,
CASANARE,OROCUE,4.915139133,-71.59873966,POINT (-71.59873966 4.915139133),PETROLEOS COLOMBIANOS SA,RIO CRAVO ESTE,TAPIR,356,349,342,333,228,321,309,304,2542,76260,,
CASANARE,OROCUE,4.915139133,-71.59873966,POINT (-71.59873966 4.915139133),Frontera Energy Colombia Corp Sucursal Colombia,SAIMIRÍ,CRAVOVIEJO,155,165,157,142,139,161,151,130,1200,36000,,
CASANARE,OROCUE,4.915139133,-71.59873966,POINT (-71.59873966 4.915139133),HOCOL S.A.,SANTO DOMINGO,LA PUNTA,142,116,100,100,95,94,96,93,836,25080,,
CASANARE,OROCUE,4.915139133,-71.59873966,POINT (-71.59873966 4.915139133),HOCOL S.A.,SANTO DOMINGO NORTE,LA PUNTA,268,230,205,202,192,184,185,176,1642,49260,,
CASANARE,OROCUE,4.915139133,-71.59873966,POINT (-71.59873966 4.915139133),PERENCO COLOMBIA LIMITED,SARDINAS,GARCERO,583,577,585,615,632,597,598,579,4766,142980,,
CASANARE,OROCUE,4.915139133,-71.59873966,POINT (-71.59873966 4.915139133),EMERALD ENERGY PLC SUCURSAL COLOMBIA,VIGIA SUR,CAMPO RICO,1649,1233,1256,1360,1439,1475,1493,1530,11435,343050,,
CASANARE,OROCUE,4.915139133,-71.59873966,POINT (-71.59873966 4.915139133),INTEROIL COLOMBIA EXPLORATION AND PRODUCTION,VIKINGO,LLA 47,211,210,210,213,139,204,208,209,1604,48120,,
CASANARE,OROCUE,4.915139133,-71.59873966,POINT (-71.59873966 4.915139133),PERENCO COLOMBIA LIMITED,VIREO,OROPENDOLA,119,113,113,97,118,118,116,114,908,27240,,
CASANARE,OROCUE,4.915139133,-71.59873966,POINT (-71.59873966 4.915139133),Frontera Energy Colombia Corp Sucursal Colombia,ZOPILOTE,CRAVOVIEJO,1099,1028,1037,1000,931,781,837,825,7538,226140,,
CASANARE,PAZ DE ARIPORO,5.779915281,-70.86947037,POINT (-70.86947037 5.779915281),PERENCO COLOMBIA LIMITED,ABEJAS,ESTERO,748,748,718,761,757,747,753,756,5988,179640,,
CASANARE,PAZ DE ARIPORO,5.779915281,-70.86947037,POINT (-70.86947037 5.779915281),Frontera Energy Colombia Corp Sucursal Colombia,AZOR,ARRENDAJO,105,101,97,97,94,94,106,99,793,23790,,
CASANARE,PAZ DE ARIPORO,5.779915281,-70.86947037,POINT (-70.86947037 5.779915281),PAREX RESOURCES COLOMBIA LTD. SUCURSAL,BEGONIA,LLA 40,239,240,245,242,178,219,209,198,1770,53100,,
CASANARE,PAZ DE ARIPORO,5.779915281,-70.86947037,POINT (-70.86947037 5.779915281),PERENCO COLOMBIA LIMITED,CAÑO GARZA,CASANARE,104,93,103,97,70,89,86,79,721,21630,,
CASANARE,PAZ DE ARIPORO,5.779915281,-70.86947037,POINT (-70.86947037 5.779915281),PERENCO COLOMBIA LIMITED,CAÑO GARZA NORTE,CASANARE,111,107,107,100,109,107,105,104,850,25500,,
CASANARE,PAZ DE ARIPORO,5.779915281,-70.86947037,POINT (-70.86947037 5.779915281),PERENCO COLOMBIA LIMITED,CHAPARRITO,ESTERO,237,254,148,234,236,235,237,255,1836,55080,,
CASANARE,PAZ DE ARIPORO,5.779915281,-70.86947037,POINT (-70.86947037 5.779915281),PERENCO OIL AND GAS COLOMBIA LIMITED.,CUERVA NORESTE,LA CUERVA,13,0,0,0,0,0,0,0,13,390,,
CASANARE,PAZ DE ARIPORO,5.779915281,-70.86947037,POINT (-70.86947037 5.779915281),PERENCO OIL AND GAS COLOMBIA LIMITED.,CUERVA OESTE,LA CUERVA,482,464,425,395,366,329,358,377,3196,95880,,
CASANARE,PAZ DE ARIPORO,5.779915281,-70.86947037,POINT (-70.86947037 5.779915281),PERENCO OIL AND GAS COLOMBIA LIMITED.,CUERVA SUR,LA CUERVA,242,225,224,219,218,219,213,210,1770,53100,,
CASANARE,PAZ DE ARIPORO,5.779915281,-70.86947037,POINT (-70.86947037 5.779915281),NEW GRANADA ENERGY CORPORATION SUCURSAL COLOMBIA,DOROTEA B,DOROTEA,1270,1234,1511,1189,1114,1128,1122,1084,9652,289560,,
CASANARE,PAZ DE ARIPORO,5.779915281,-70.86947037,POINT (-70.86947037 5.779915281),NEW GRANADA ENERGY CORPORATION SUCURSAL COLOMBIA,DOROTEA E,DOROTEA,87,44,35,28,113,92,94,90,583,17490,,
CASANARE,PAZ DE ARIPORO,5.779915281,-70.86947037,POINT (-70.86947037 5.779915281),NEW GRANADA ENERGY CORPORATION SUCURSAL COLOMBIA,LEONA B,LEONA,93,94,93,89,84,81,79,78,691,20730,,
CASANARE,PAZ DE ARIPORO,5.779915281,-70.86947037,POINT (-70.86947037 5.779915281),NEW GRANADA ENERGY CORPORATION SUCURSAL COLOMBIA,LEONA B NORTE,LEONA,28,27,27,28,26,27,27,25,215,6450,,
CASANARE,PAZ DE ARIPORO,5.779915281,-70.86947037,POINT (-70.86947037 5.779915281),NEW GRANADA ENERGY CORPORATION SUCURSAL COLOMBIA,LEONA B SUR,LEONA,10,11,3,1,1,0,3,13,42,1260,,
CASANARE,PAZ DE ARIPORO,5.779915281,-70.86947037,POINT (-70.86947037 5.779915281),NEW GRANADA ENERGY CORPORATION SUCURSAL COLOMBIA,LEONA C,LEONA,24,25,25,25,22,22,21,21,185,5550,,
CASANARE,PAZ DE ARIPORO,5.779915281,-70.86947037,POINT (-70.86947037 5.779915281),"SUELOPETROL, C.A. SUCURSAL COLOMBIA",OMI,LLA 61,78,75,74,68,81,98,97,97,668,20040,,
CASANARE,PAZ DE ARIPORO,5.779915281,-70.86947037,POINT (-70.86947037 5.779915281),Frontera Energy Colombia Corp Sucursal Colombia,YAGUAZO,ARRENDAJO,783,758,761,722,621,569,590,578,5382,161460,,
CASANARE,PAZ DE ARIPORO,5.779915281,-70.86947037,POINT (-70.86947037 5.779915281),PERENCO OIL AND GAS COLOMBIA LIMITED.,YAMÚ,YAMU,43,42,42,46,42,46,43,43,347,10410,,
CASANARE,PORE,5.663194953,-71.92580806,POINT (-71.92580806 5.663194953),PERENCO OIL AND GAS COLOMBIA LIMITED.,CARUPANA,YAMU,147,111,126,173,197,209,213,205,1381,41430,,
CASANARE,PORE,5.663194953,-71.92580806,POINT (-71.92580806 5.663194953),PAREX RESOURCES COLOMBIA LTD. SUCURSAL,KONA,LLA 16,0,0,224,253,43,0,0,0,520,15600,,
CASANARE,PORE,5.663194953,-71.92580806,POINT (-71.92580806 5.663194953),PERENCO OIL AND GAS COLOMBIA LIMITED.,POTRILLO,YAMU,42,42,41,39,41,41,35,43,324,9720,,
CASANARE,SAN LUIS DE PALENQUE,5.274955665,-71.81749276,POINT (-71.81749276 5.274955665),PAREX RESOURCES COLOMBIA LTD. SUCURSAL,ADALIA,LLA 30,284,282,282,278,228,275,267,264,2160,64800,,
CASANARE,SAN LUIS DE PALENQUE,5.274955665,-71.81749276,POINT (-71.81749276 5.274955665),Frontera Energy Colombia Corp Sucursal Colombia,ARAUCO,CUBIRO,34,33,33,33,32,33,34,34,266,7980,,
CASANARE,SAN LUIS DE PALENQUE,5.274955665,-71.81749276,POINT (-71.81749276 5.274955665),PERENCO COLOMBIA LIMITED,BARQUEREÑA,CASANARE,105,217,178,201,201,194,198,203,1497,44910,,
CASANARE,SAN LUIS DE PALENQUE,5.274955665,-71.81749276,POINT (-71.81749276 5.274955665),PERENCO COLOMBIA LIMITED,CAÑO GANDUL,COROCORA,203,194,199,208,205,198,192,198,1597,47910,,
CASANARE,SAN LUIS DE PALENQUE,5.274955665,-71.81749276,POINT (-71.81749276 5.274955665),Frontera Energy Colombia Corp Sucursal Colombia,CARETO,CUBIRO,127,126,122,122,121,120,123,123,984,29520,,
CASANARE,SAN LUIS DE PALENQUE,5.274955665,-71.81749276,POINT (-71.81749276 5.274955665),INVEPETROL LIMITED COLOMBIA,CEDRILLO,CASANARE ESTE,230,178,126,95,68,78,65,61,901,27030,,
CASANARE,SAN LUIS DE PALENQUE,5.274955665,-71.81749276,POINT (-71.81749276 5.274955665),Frontera Energy Colombia Corp Sucursal Colombia,COPA,CUBIRO,1106,1099,981,935,905,933,949,864,7772,233160,,
CASANARE,SAN LUIS DE PALENQUE,5.274955665,-71.81749276,POINT (-71.81749276 5.274955665),Frontera Energy Colombia Corp Sucursal Colombia,COPA A NORTE,CUBIRO,777,776,721,672,637,628,611,569,5391,161730,,
CASANARE,SAN LUIS DE PALENQUE,5.274955665,-71.81749276,POINT (-71.81749276 5.274955665),Frontera Energy Colombia Corp Sucursal Colombia,COPA A SUR,CUBIRO,120,126,127,107,78,44,44,52,698,20940,,
CASANARE,SAN LUIS DE PALENQUE,5.274955665,-71.81749276,POINT (-71.81749276 5.274955665),Frontera Energy Colombia Corp Sucursal Colombia,COPA B,CUBIRO,133,142,138,127,124,108,116,121,1009,30270,,
CASANARE,SAN LUIS DE PALENQUE,5.274955665,-71.81749276,POINT (-71.81749276 5.274955665),Frontera Energy Colombia Corp Sucursal Colombia,COPA C,CUBIRO,34,13,15,82,143,134,130,118,669,20070,,
CASANARE,SAN LUIS DE PALENQUE,5.274955665,-71.81749276,POINT (-71.81749276 5.274955665),Frontera Energy Colombia Corp Sucursal Colombia,COPA D,CUBIRO,315,325,321,456,544,524,518,511,3514,105420,,
CASANARE,SAN LUIS DE PALENQUE,5.274955665,-71.81749276,POINT (-71.81749276 5.274955665),PERENCO COLOMBIA LIMITED,CRAVO ESTE,CASANARE,369,355,329,340,339,337,328,326,2723,81690,,
CASANARE,SAN LUIS DE PALENQUE,5.274955665,-71.81749276,POINT (-71.81749276 5.274955665),INVEPETROL LIMITED COLOMBIA,CURITO,CASANARE ESTE,117,113,113,94,97,96,91,95,816,24480,,
CASANARE,SAN LUIS DE PALENQUE,5.274955665,-71.81749276,POINT (-71.81749276 5.274955665),PERENCO COLOMBIA LIMITED,LA FLORA,CASANARE,266,261,265,256,265,263,263,243,2082,62460,,
CASANARE,SAN LUIS DE PALENQUE,5.274955665,-71.81749276,POINT (-71.81749276 5.274955665),PAREX RESOURCES COLOMBIA LTD. SUCURSAL,LAS MARACAS,LOS OCARROS,433,426,486,463,151,323,323,300,2905,87150,,
CASANARE,SAN LUIS DE PALENQUE,5.274955665,-71.81749276,POINT (-71.81749276 5.274955665),COLOMBIA ENERGY DEVELOPMENT CO,LEONO,LLA 23,0,0,29,56,218,136,171,210,820,24600,,
CASANARE,SAN LUIS DE PALENQUE,5.274955665,-71.81749276,POINT (-71.81749276 5.274955665),COLOMBIA ENERGY DEVELOPMENT CO,PANTRO,LLA 23,6,10,8,8,5,4,6,4,51,1530,,
CASANARE,SAN LUIS DE PALENQUE,5.274955665,-71.81749276,POINT (-71.81749276 5.274955665),Frontera Energy Colombia Corp Sucursal Colombia,PETIRROJO SUR,CUBIRO,0,0,0,0,0,0,0,0,0,0,,
CASANARE,SAN LUIS DE PALENQUE,5.274955665,-71.81749276,POINT (-71.81749276 5.274955665),PERENCO COLOMBIA LIMITED,REMACHE NORTE,COROCORA,322,319,331,398,478,471,449,485,3253,97590,,
CASANARE,SAN LUIS DE PALENQUE,5.274955665,-71.81749276,POINT (-71.81749276 5.274955665),PERENCO COLOMBIA LIMITED,REMACHE SUR,COROCORA,202,214,219,207,170,197,197,195,1601,48030,,
CASANARE,SAN LUIS DE PALENQUE,5.274955665,-71.81749276,POINT (-71.81749276 5.274955665),Frontera Energy Colombia Corp Sucursal Colombia,TIJERETO,CUBIRO,0,0,0,0,0,0,0,0,0,0,,
CASANARE,TAURAMENA,4.697463691,-72.62922436,POINT (-72.62922436 4.697463691),VERANO ENERGY LIMITED SUCURSAL,AZOGUE,LLA 32,714,714,700,655,603,566,539,511,5002,150060,,
CASANARE,TAURAMENA,4.697463691,-72.62922436,POINT (-72.62922436 4.697463691),VERANO ENERGY LIMITED SUCURSAL,CALONA,LLA 32,298,160,134,173,242,421,320,264,2012,60360,,
CASANARE,TAURAMENA,4.697463691,-72.62922436,POINT (-72.62922436 4.697463691),Frontera Energy Colombia Corp Sucursal Colombia,Canaguay,CANAGUARO,257,192,169,151,110,242,223,213,1557,46710,,
CASANARE,TAURAMENA,4.697463691,-72.62922436,POINT (-72.62922436 4.697463691),VERANO ENERGY LIMITED SUCURSAL,CARMENTEA,LLA 32,81,0,192,388,381,387,362,302,2093,62790,,
CASANARE,TAURAMENA,4.697463691,-72.62922436,POINT (-72.62922436 4.697463691),GEOPARK COLOMBIA S.A.S.,CHACHALACA,LLA 34,0,0,24,0,0,0,20,34,78,2340,,
CASANARE,TAURAMENA,4.697463691,-72.62922436,POINT (-72.62922436 4.697463691),GEOPARK COLOMBIA S.A.S.,CHIRICOCA,LLA 34,561,516,491,466,440,420,402,396,3692,110760,,
CASANARE,TAURAMENA,4.697463691,-72.62922436,POINT (-72.62922436 4.697463691),ECOPETROL S.A.,CUSIANA,RÍO CHITAMENA,724,700,675,658,632,576,588,552,5105,153150,,
CASANARE,TAURAMENA,4.697463691,-72.62922436,POINT (-72.62922436 4.697463691),ECOPETROL S.A.,CUSIANA,TAURAMENA,692,667,637,513,792,705,632,643,5281,158430,,
CASANARE,TAURAMENA,4.697463691,-72.62922436,POINT (-72.62922436 4.697463691),VERANO ENERGY LIMITED SUCURSAL,KANANASKIS,LLA 32,457,600,389,89,88,89,85,70,1867,56010,,
CASANARE,TAURAMENA,4.697463691,-72.62922436,POINT (-72.62922436 4.697463691),GEOPARK COLOMBIA S.A.S.,MAX,LLA 34,250,249,232,179,186,232,238,246,1812,54360,,
CASANARE,TAURAMENA,4.697463691,-72.62922436,POINT (-72.62922436 4.697463691),GEOPARK COLOMBIA S.A.S.,TARO TARO,LLA 34,0,0,655,676,541,443,402,382,3099,92970,,
CASANARE,TAURAMENA,4.697463691,-72.62922436,POINT (-72.62922436 4.697463691),GEOPARK COLOMBIA S.A.S.,TIGANA,LLA 34,26690,27995,26374,27160,25186,25707,26060,27185,212357,6370710,,
CASANARE,TAURAMENA,4.697463691,-72.62922436,POINT (-72.62922436 4.697463691),GEOPARK COLOMBIA S.A.S.,TILO,LLA 34,333,331,325,325,116,244,298,290,2262,67860,,
CASANARE,TAURAMENA,4.697463691,-72.62922436,POINT (-72.62922436 4.697463691),GEOPARK COLOMBIA S.A.S.,TUA,LLA 34,3566,3461,3412,3352,2919,3194,2988,2521,25413,762390,,
CASANARE,TRINIDAD,5.354527091,-71.25479519,POINT (-71.25479519 5.354527091),LEWIS ENERGY COLOMBIA INC,AZAFRÁN,GUACHIRIA SUR,0,0,342,334,283,254,265,295,1773,53190,,
CASANARE,TRINIDAD,5.354527091,-71.25479519,POINT (-71.25479519 5.354527091),PERENCO COLOMBIA LIMITED,COREN,COROCORA,789,844,830,819,786,796,782,755,6401,192030,,
CASANARE,TRINIDAD,5.354527091,-71.25479519,POINT (-71.25479519 5.354527091),PERENCO COLOMBIA LIMITED,COROCORA,COROCORA,581,640,694,674,648,638,615,592,5082,152460,,
CASANARE,TRINIDAD,5.354527091,-71.25479519,POINT (-71.25479519 5.354527091),PERENCO COLOMBIA LIMITED,CORSUR,COROCORA,158,157,158,145,138,143,144,144,1187,35610,,
CASANARE,TRINIDAD,5.354527091,-71.25479519,POINT (-71.25479519 5.354527091),LEWIS ENERGY COLOMBIA INC,LOS ACEITES,GUACHIRÍA,0,0,11,56,39,62,60,61,289,8670,,
CASANARE,TRINIDAD,5.354527091,-71.25479519,POINT (-71.25479519 5.354527091),PERENCO COLOMBIA LIMITED,PALMARITO,GARCERO,134,132,152,173,149,160,152,154,1206,36180,,
CASANARE,TRINIDAD,5.354527091,-71.25479519,POINT (-71.25479519 5.354527091),Frontera Energy Colombia Corp Sucursal Colombia,PETIRROJO,CUBIRO,0,0,0,0,0,0,0,1,1,30,,
CASANARE,TRINIDAD,5.354527091,-71.25479519,POINT (-71.25479519 5.354527091),LEWIS ENERGY COLOMBIA INC,PRIMAVERA,GUACHIRÍA,0,0,2,27,22,36,33,31,151,4530,,
CASANARE,TRINIDAD,5.354527091,-71.25479519,POINT (-71.25479519 5.354527091),PERENCO COLOMBIA LIMITED,TOROS,ESTERO,32,31,30,30,31,29,32,31,246,7380,,
CASANARE,TRINIDAD,5.354527091,-71.25479519,POINT (-71.25479519 5.354527091),PERENCO COLOMBIA LIMITED,TRINIDAD,YALEA,553,532,545,433,445,553,567,570,4198,125940,,
CASANARE,TRINIDAD,5.354527091,-71.25479519,POINT (-71.25479519 5.354527091),LEWIS ENERGY COLOMBIA INC,TULIPÁN,GUACHIRIA SUR,0,0,120,108,92,102,98,102,622,18660,,
CASANARE,VILLA NUEVA,4.528307719,-72.82314281,POINT (-72.82314281 4.528307719),PAREX RESOURCES COLOMBIA LTD. SUCURSAL,AKIRA,CABRESTERO,1516,1833,2138,1982,1697,2094,2305,2184,15749,472470,,
CASANARE,VILLA NUEVA,4.528307719,-72.82314281,POINT (-72.82314281 4.528307719),PAREX RESOURCES COLOMBIA LTD. SUCURSAL,BACANO,CABRESTERO,4020,3993,4054,3532,3398,4101,4310,5344,32752,982560,,
CASANARE,VILLA NUEVA,4.528307719,-72.82314281,POINT (-72.82314281 4.528307719),Frontera Energy Colombia Corp Sucursal Colombia,CARUTO,CORCEL,194,190,182,182,170,168,169,162,1417,42510,,
CASANARE,VILLA NUEVA,4.528307719,-72.82314281,POINT (-72.82314281 4.528307719),GEOPARK COLOMBIA S.A.S.,CURUCUCÚ,LLA 34,183,171,164,181,55,34,0,0,788,23640,,
CASANARE,VILLA NUEVA,4.528307719,-72.82314281,POINT (-72.82314281 4.528307719),GEOPARK COLOMBIA S.A.S.,GUACO,LLA 34,0,33,116,134,140,139,133,140,835,25050,,
CASANARE,VILLA NUEVA,4.528307719,-72.82314281,POINT (-72.82314281 4.528307719),GEOPARK COLOMBIA S.A.S.,JACAMAR,LLA 34,0,0,0,0,0,0,148,135,283,8490,,
CASANARE,VILLA NUEVA,4.528307719,-72.82314281,POINT (-72.82314281 4.528307719),GEOPARK COLOMBIA S.A.S.,JACANA,LLA 34,22328,23769,23665,23712,23214,24097,24645,25553,190983,5729490,,
CASANARE,VILLA NUEVA,4.528307719,-72.82314281,POINT (-72.82314281 4.528307719),PAREX RESOURCES COLOMBIA LTD. SUCURSAL,KITARO,CABRESTERO,0,0,0,0,0,0,262,403,665,19950,,
CASANARE,YOPAL,5.242744761,-72.25802857,POINT (-72.25802857 5.242744761),COLOMBIA ENERGY DEVELOPMENT CO,BORAL,RIO VERDE,669,638,612,569,478,500,474,454,4394,131820,,
CASANARE,YOPAL,5.242744761,-72.25802857,POINT (-72.25802857 5.242744761),ECOPETROL S.A.,FLOREÑA,PIEDEMONTE,2635,3162,3238,3209,3263,1560,2085,3196,22348,670440,,
CASANARE,YOPAL,5.242744761,-72.25802857,POINT (-72.25802857 5.242744761),ECOPETROL S.A.,FLOREÑA MIRADOR,PIEDEMONTE,2019,2532,2502,2392,2532,1819,2115,2434,18345,550350,,
CASANARE,YOPAL,5.242744761,-72.25802857,POINT (-72.25802857 5.242744761),PERENCO COLOMBIA LIMITED,LA GLORIA NORTE,CASANARE,210,104,112,126,116,124,113,123,1028,30840,,
CASANARE,YOPAL,5.242744761,-72.25802857,POINT (-72.25802857 5.242744761),PERENCO COLOMBIA LIMITED,MORICHAL,CASANARE,152,152,149,150,147,141,139,135,1165,34950,,
CASANARE,YOPAL,5.242744761,-72.25802857,POINT (-72.25802857 5.242744761),ECOPETROL S.A.,PAUTO SUR,PIEDEMONTE,20409,19972,19559,19806,19579,18095,18284,17738,153442,4603260,,
CASANARE,YOPAL,5.242744761,-72.25802857,POINT (-72.25802857 5.242744761),ECOPETROL S.A.,PAUTO SUR RECETOR,RECETOR,408,385,402,401,414,392,380,378,3160,94800,,
CASANARE,YOPAL,5.242744761,-72.25802857,POINT (-72.25802857 5.242744761),CANACOL ENERGY COLOMBIA SAS,RANCHO HERMOSO,RANCHO HERMOSO,375,387,365,368,373,492,545,529,3434,103020,,
CASANARE,YOPAL,5.242744761,-72.25802857,POINT (-72.25802857 5.242744761),COLOMBIA ENERGY DEVELOPMENT CO,TILODIRÁN,RIO VERDE,949,940,905,799,728,789,749,742,6601,198030,,
CASANARE,YOPAL,5.242744761,-72.25802857,POINT (-72.25802857 5.242744761),PERENCO COLOMBIA LIMITED,TOCARIA,CASANARE,173,189,194,195,195,191,197,254,1588,47640,,
CASANARE,YOPAL,5.242744761,-72.25802857,POINT (-72.25802857 5.242744761),EMERALD ENERGY PLC SUCURSAL COLOMBIA,VIGIA,CAMPO RICO,310,323,308,321,277,280,240,240,2299,68970,,
CASANARE,YOPAL,5.242744761,-72.25802857,POINT (-72.25802857 5.242744761),ECOPETROL S.A.,VOLCANERA,RECETOR,0,0,0,0,0,2,0,0,2,60,,
CAUCA,PIAMONTE,1.054128816,-76.4443271,POINT (-76.4443271 1.054128816),"GRAN TIERRA ENERGY COLOMBIA, LLC",GUAYUYACO,GUAYUYACO,432,474,421,412,393,357,402,38,2929,87870,,
CESAR,AGUACHICA,8.248735219,-73.6227405,POINT (-73.6227405 8.248735219),CARRAO ENERGY S.A. SUCURSAL COLOMBIA,MONO ARAÑA,VMM 2,442,305,165,137,0,0,0,0,1049,31470,,
CESAR,AGUACHICA,8.248735219,-73.6227405,POINT (-73.6227405 8.248735219),GRAN TIERRA COLOMBIA INC SUCURSAL,MONO ARAÑA,VMM 2,0,0,0,0,460,553,480,431,1924,57720,,
CESAR,AGUACHICA,8.248735219,-73.6227405,POINT (-73.6227405 8.248735219),CARRAO ENERGY S.A. SUCURSAL COLOMBIA,OSO PARDO,SANTA ISABEL,0,0,0,0,0,62,142,131,335,10050,,
CESAR,RIO DE ORO,8.201070245,-73.48750127,POINT (-73.48750127 8.201070245),"GRAN TIERRA ENERGY COLOMBIA, LLC",CHUIRA,MIDAS,175,174,176,171,175,174,175,169,1389,41670,,
CESAR,RIO DE ORO,8.201070245,-73.48750127,POINT (-73.48750127 8.201070245),"GRAN TIERRA ENERGY COLOMBIA, LLC",LOS ANGELES,TISQUIRAMA B,547,540,517,509,526,578,561,527,4305,129150,,
CESAR,RIO DE ORO,8.201070245,-73.48750127,POINT (-73.48750127 8.201070245),PAREX RESOURCES COLOMBIA LTD. SUCURSAL,PIMIENTO,FORTUNA,0,0,0,0,0,8,0,0,8,240,,
CESAR,RIO DE ORO,8.201070245,-73.48750127,POINT (-73.48750127 8.201070245),"GRAN TIERRA ENERGY COLOMBIA, LLC",QUERUBÍN,TISQUIRAMA B,94,97,80,93,98,95,101,36,694,20820,,
CESAR,RIO DE ORO,8.201070245,-73.48750127,POINT (-73.48750127 8.201070245),PAREX RESOURCES COLOMBIA LTD. SUCURSAL,TOTUMAL,FORTUNA,242,530,422,271,243,132,228,181,2249,67470,,
CESAR,RIO DE ORO,8.201070245,-73.48750127,POINT (-73.48750127 8.201070245),"GRAN TIERRA ENERGY COLOMBIA, LLC",TRONOS,TISQUIRAMA B,8,5,0,0,0,0,0,0,13,390,,
CESAR,SAN ALBERTO,7.769815987,-73.47218888,POINT (-73.47218888 7.769815987),"GRAN TIERRA ENERGY COLOMBIA, LLC",SANTA LUCÍA,TISQUIRAMA-A,0,0,0,0,0,42,206,224,472,14160,,
CESAR,SAN MARTÍN,7.937788454,-73.54436312,POINT (-73.54436312 7.937788454),"GRAN TIERRA ENERGY COLOMBIA, LLC",ACORDIONERO,MIDAS,10688,12795,14601,15941,13272,15471,14963,14403,112134,3364020,,
CESAR,SAN MARTÍN,7.937788454,-73.54436312,POINT (-73.54436312 7.937788454),ECOPETROL S.A.,SAN ROQUE,TISQUIRAMA-C,1352,1295,1381,1422,1383,1425,1426,1364,11048,331440,,
CESAR,SAN MARTÍN,7.937788454,-73.54436312,POINT (-73.54436312 7.937788454),ECOPETROL S.A.,TISQUIRAMA,TISQUIRAMA-C,1347,1388,1325,1268,1191,1189,1339,1739,10786,323580,,
CESAR,SAN MARTÍN,7.937788454,-73.54436312,POINT (-73.54436312 7.937788454),"GRAN TIERRA ENERGY COLOMBIA, LLC",ZOE,MIDAS,2,1,2,1,2,0,1,1,10,300,,
CORDOBA,PUEBLO NUEVO,8.481339568,-75.40516154,POINT (-75.40516154 8.481339568),HOCOL S.A.,ARRECIFE,VIM 8,1,1,1,1,1,1,0,0,6,180,,
CORDOBA,PUEBLO NUEVO,8.481339568,-75.40516154,POINT (-75.40516154 8.481339568),CANACOL ENERGY COLOMBIA SAS,NELSON,ESPERANZA,0,0,0,0,0,0,0,0,0,0,,
CUNDINAMARCA,GUADUAS,5.173554764,-74.64014651,POINT (-74.64014651 5.173554764),Frontera Energy Colombia Corp Sucursal Colombia,GUADUAS,DINDAL,21,0,20,0,0,0,0,0,41,1230,,
HUILA,AIPE,3.243441923,-75.27670655,POINT (-75.27670655 3.243441923),ECOPETROL S.A.,ARRAYÁN,PIJAO-POTRERILLO,452,332,375,567,445,467,488,422,3548,106440,,
HUILA,AIPE,3.243441923,-75.27670655,POINT (-75.27670655 3.243441923),ECOPETROL S.A.,BALCÓN,PALERMO,657,664,464,685,740,717,730,632,5289,158670,,
HUILA,AIPE,3.243441923,-75.27670655,POINT (-75.27670655 3.243441923),ECOPETROL S.A.,BRISAS,PIJAO-POTRERILLO,272,267,168,189,220,214,188,221,1739,52170,,
HUILA,AIPE,3.243441923,-75.27670655,POINT (-75.27670655 3.243441923),ECOPETROL S.A.,DINA CRETÁCEOS,PIJAO-POTRERILLO,878,818,736,740,805,780,108,686,5551,166530,,
HUILA,AIPE,3.243441923,-75.27670655,POINT (-75.27670655 3.243441923),ECOPETROL S.A.,DINA NORTE,PIJAO-POTRERILLO,349,363,385,409,415,417,413,378,3129,93870,,
HUILA,AIPE,3.243441923,-75.27670655,POINT (-75.27670655 3.243441923),ECOPETROL S.A.,DINA TERCIARIOS,PIJAO-POTRERILLO,2647,2801,2790,2780,2700,2756,2799,2762,22035,661050,,
HUILA,AIPE,3.243441923,-75.27670655,POINT (-75.27670655 3.243441923),ECOPETROL S.A.,TEMPRANILLO,PIJAO-POTRERILLO,160,161,160,164,161,164,159,155,1284,38520,,
HUILA,AIPE,3.243441923,-75.27670655,POINT (-75.27670655 3.243441923),ECOPETROL S.A.,TEMPRANILLO NORTE,PIJAO-POTRERILLO,165,166,164,170,162,160,157,149,1293,38790,,
HUILA,AIPE,3.243441923,-75.27670655,POINT (-75.27670655 3.243441923),ECOPETROL S.A.,TENAY,PIJAO-POTRERILLO,104,123,121,140,156,157,120,131,1052,31560,,
HUILA,GARZON,2.172441496,-75.57131243,POINT (-75.57131243 2.172441496),EMERALD ENERGY PLC SUCURSAL COLOMBIA,GIGANTE,MATAMBO,1075,1167,1158,1192,1006,936,1017,993,8544,256320,,
HUILA,NEIVA,2.993360046,-75.27236232,POINT (-75.27236232 2.993360046),ECOPETROL S.A.,CEBÚ,PIJAO-POTRERILLO,170,168,170,134,113,96,96,107,1054,31620,,
HUILA,NEIVA,2.993360046,-75.27236232,POINT (-75.27236232 2.993360046),ECOPETROL S.A.,DINA CRETÁCEOS,PIJAO-POTRERILLO,0,0,0,0,0,0,642,0,642,19260,,
HUILA,NEIVA,2.993360046,-75.27236232,POINT (-75.27236232 2.993360046),ECOPETROL S.A.,ESPINO,CAGUAN,13,14,8,7,6,5,18,22,93,2790,,
HUILA,NEIVA,2.993360046,-75.27236232,POINT (-75.27236232 2.993360046),ECOPETROL S.A.,LA JAGUA,CAMPOS TELLO Y LA JAGUA,50,50,50,50,43,51,50,50,394,11820,,
HUILA,NEIVA,2.993360046,-75.27236232,POINT (-75.27236232 2.993360046),ECOPETROL S.A.,PALOGRANDE,PIJAO-POTRERILLO,954,1011,969,986,935,929,959,978,7721,231630,,
HUILA,NEIVA,2.993360046,-75.27236232,POINT (-75.27236232 2.993360046),ECOPETROL S.A.,PALOGRANDE HONDA,PIJAO-POTRERILLO,694,665,635,704,691,651,651,641,5332,159960,,
HUILA,NEIVA,2.993360046,-75.27236232,POINT (-75.27236232 2.993360046),ECOPETROL S.A.,PIJAO POTRERILLO,PIJAO-POTRERILLO,107,52,51,99,97,64,47,89,606,18180,,
HUILA,NEIVA,2.993360046,-75.27236232,POINT (-75.27236232 2.993360046),ECOPETROL S.A.,RIO CEIBAS,CAGUAN,718,734,699,726,793,742,746,758,5916,177480,,
HUILA,NEIVA,2.993360046,-75.27236232,POINT (-75.27236232 2.993360046),ECOPETROL S.A.,SAN FRANCISCO,PALERMO,2517,2424,2402,2330,2362,2250,2257,2297,18839,565170,,
HUILA,NEIVA,2.993360046,-75.27236232,POINT (-75.27236232 2.993360046),ECOPETROL S.A.,TELLO,CAMPOS TELLO Y LA JAGUA,3683,3744,3505,3879,3851,3668,3608,3843,29781,893430,,
HUILA,PAICOL,2.40689827,-75.72803027,POINT (-75.72803027 2.40689827),HOCOL S.A.,LA CAÑADA NORTE,RIO PAEZZ,1743,1693,1624,1543,795,1629,1631,1470,12128,363840,,
HUILA,PALERMO,2.914491967,-75.44066118,POINT (-75.44066118 2.914491967),ECOPETROL S.A.,PALERMO,PALERMO,137,125,144,132,133,138,144,149,1102,33060,,
HUILA,PALERMO,2.914491967,-75.44066118,POINT (-75.44066118 2.914491967),ECOPETROL S.A.,SAN FRANCISCO,PALERMO,1428,1476,1509,1449,1502,1504,1532,1529,11929,357870,,
HUILA,PALERMO,2.914491967,-75.44066118,POINT (-75.44066118 2.914491967),ECOPETROL S.A.,SANTA CLARA,SANTA CLARA,280,495,484,411,411,361,344,343,3129,93870,,
HUILA,TESALIA,2.526855132,-75.68259642,POINT (-75.68259642 2.526855132),HOCOL S.A.,LA HOCHA,RIO PAEZ,1047,1032,996,895,888,914,981,1169,7922,237660,,
HUILA,VILLAVIEJA,3.287057875,-75.13838292,POINT (-75.13838292 3.287057875),ECOPETROL S.A.,LOMA LARGA,PIJAO-POTRERILLO,179,229,235,305,343,354,368,369,2382,71460,,
HUILA,YAGUARA,2.646563339,-75.51592645,POINT (-75.51592645 2.646563339),ECOPETROL S.A.,YAGUARA,HOBO,1546,1567,1663,1650,1635,1680,1742,1694,13177,395310,,
MAGDALENA,ARIGUANI,9.834264955,-74.08460085,POINT (-74.08460085 9.834264955),PETROLEOS SUD AMERICANOS SUCURSAL COLOMBIA,EL DIFÍCIL,EL DIFÍCIL,57,57,57,57,54,57,49,72,460,13800,,
MAGDALENA,PLATO,9.76945611,-74.60181576,POINT (-74.60181576 9.76945611),PAREX RESOURCES COLOMBIA LTD. SUCURSAL,LA BELLEZA,VIM 1,0,0,846,982,0,0,0,0,1828,54840,,
META,ACACIAS,3.943383008,-73.57135162,POINT (-73.57135162 3.943383008),ECOPETROL S.A.,AKACIAS,CPO 9,15604,16106,15410,15569,14496,14341,12372,13494,117392,3521760,,
META,ACACIAS,3.943383008,-73.57135162,POINT (-73.57135162 3.943383008),ECOPETROL S.A.,CASTILLA,CUBARRAL,0,0,0,0,0,45,119,188,352,10560,,
META,ACACIAS,3.943383008,-73.57135162,POINT (-73.57135162 3.943383008),ECOPETROL S.A.,CASTILLA NORTE,CUBARRAL,33840,33333,32510,32416,31824,34507,40140,41931,280501,8415030,,
META,ACACIAS,3.943383008,-73.57135162,POINT (-73.57135162 3.943383008),ECOPETROL S.A.,CHICHIMENE,CUBARRAL,48519,49134,48036,45641,45673,45974,47578,47877,378432,11352960,,
META,ACACIAS,3.943383008,-73.57135162,POINT (-73.57135162 3.943383008),ECOPETROL S.A.,CHICHIMENE SW,CUBARRAL,787,747,682,489,455,456,485,486,4587,137610,,
META,ACACIAS,3.943383008,-73.57135162,POINT (-73.57135162 3.943383008),ECOPETROL S.A.,Lorito,CPO 9,0,0,0,0,0,76,0,0,76,2280,,
META,BARRANCA DE UPIA,4.519076127,-72.99548981,POINT (-72.99548981 4.519076127),Frontera Energy Colombia Corp Sucursal Colombia,CORCEL A,CORCEL,117,120,117,118,119,123,122,117,953,28590,,
META,BARRANCA DE UPIA,4.519076127,-72.99548981,POINT (-72.99548981 4.519076127),Frontera Energy Colombia Corp Sucursal Colombia,CORCEL C,CORCEL,0,32,84,64,52,54,57,58,401,12030,,
META,CABUYARO,4.315244759,-72.95268896,POINT (-72.95268896 4.315244759),Frontera Energy Colombia Corp Sucursal Colombia,CANDELILLA,GUATIQUIA,1214,1052,993,971,944,948,937,874,7933,237990,,
META,CABUYARO,4.315244759,-72.95268896,POINT (-72.95268896 4.315244759),Frontera Energy Colombia Corp Sucursal Colombia,CEIBO,GUATIQUIA,6048,5835,5699,5791,5623,5710,5542,5274,45522,1365660,,
META,CABUYARO,4.315244759,-72.95268896,POINT (-72.95268896 4.315244759),Frontera Energy Colombia Corp Sucursal Colombia,COBRA,CORCEL,177,172,163,163,182,173,169,170,1369,41070,,
META,CABUYARO,4.315244759,-72.95268896,POINT (-72.95268896 4.315244759),Frontera Energy Colombia Corp Sucursal Colombia,Coralillo,GUATIQUIA,1708,1675,0,0,0,0,0,0,3383,101490,,
META,CABUYARO,4.315244759,-72.95268896,POINT (-72.95268896 4.315244759),Frontera Energy Colombia Corp Sucursal Colombia,CORCEL D,CORCEL,77,73,82,82,77,72,71,70,604,18120,,
META,CABUYARO,4.315244759,-72.95268896,POINT (-72.95268896 4.315244759),Frontera Energy Colombia Corp Sucursal Colombia,CORCEL E,CORCEL,211,214,203,195,192,191,196,182,1584,47520,,
META,CABUYARO,4.315244759,-72.95268896,POINT (-72.95268896 4.315244759),ONGC VIDESH LIMITED SUCURSAL COLOMBIANA,INDICO,CPO 5,11229,11321,11306,11278,7774,10804,11231,10839,85782,2573460,,
META,CABUYARO,4.315244759,-72.95268896,POINT (-72.95268896 4.315244759),ONGC VIDESH LIMITED SUCURSAL COLOMBIANA,MARIPOSA,CPO 5,1921,2014,1859,1739,1250,1515,1607,1554,13459,403770,,
META,CABUYARO,4.315244759,-72.95268896,POINT (-72.95268896 4.315244759),ONGC VIDESH LIMITED SUCURSAL COLOMBIANA,SOL,CPO 5,0,0,4,90,81,0,0,0,175,5250,,
META,CABUYARO,4.315244759,-72.95268896,POINT (-72.95268896 4.315244759),Frontera Energy Colombia Corp Sucursal Colombia,YATAY,GUATIQUIA,95,87,1673,1063,1474,1637,1640,2070,9739,292170,,
META,CASTILLA NUEVA,3.805154089,-73.53886668,POINT (-73.53886668 3.805154089),ECOPETROL S.A.,CASTILLA,CUBARRAL,53938,55307,55678,55023,54453,55146,57711,57643,444899,13346970,,
META,CASTILLA NUEVA,3.805154089,-73.53886668,POINT (-73.53886668 3.805154089),ECOPETROL S.A.,CASTILLA ESTE,CUBARRAL,201,194,218,114,229,227,191,150,1524,45720,,
META,CASTILLA NUEVA,3.805154089,-73.53886668,POINT (-73.53886668 3.805154089),ECOPETROL S.A.,CASTILLA NORTE,CUBARRAL,2481,2366,2196,2120,1980,2200,2672,2320,18335,550050,,
META,GUAMAL,3.947775585,-73.95983864,POINT (-73.95983864 3.947775585),ECOPETROL S.A.,AKACIAS,CPO 9,0,350,2608,3057,2396,3097,2390,3297,17195,515850,,
META,GUAMAL,3.947775585,-73.95983864,POINT (-73.95983864 3.947775585),ECOPETROL S.A.,CHICHIMENE SW,CUBARRAL,21226,20396,19662,19354,19433,19136,21009,20894,161110,4833300,,
META,GUAMAL,3.947775585,-73.95983864,POINT (-73.95983864 3.947775585),ECOPETROL S.A.,Lorito,CPO 9,0,0,0,0,0,0,45,0,45,1350,,
META,LA MACARENA,2.161863917,-74.09488076,POINT (-74.09488076 2.161863917),EMERALD ENERGY PLC SUCURSAL COLOMBIA,CAPELLA,OMBU,0,0,327,1423,339,1029,1909,1920,6947,208410,,
META,PUERTO GAITAN,4.005034467,-71.63157429,POINT (-71.63157429 4.005034467),NEW GRANADA ENERGY CORPORATION SUCURSAL COLOMBIA,CABIONA,CABIONA,515,507,497,500,502,505,499,504,4029,120870,,
META,PUERTO GAITAN,4.005034467,-71.63157429,POINT (-71.63157429 4.005034467),Frontera Energy Colombia Corp Sucursal Colombia,CAJUA,QUIFA,2461,2423,2634,2718,2602,2059,2192,2321,19410,582300,,
META,PUERTO GAITAN,4.005034467,-71.63157429,POINT (-71.63157429 4.005034467),ECOPETROL S.A.,CAÑO SUR ESTE,CAÑO SUR,4127,4086,4180,4091,3310,3015,3622,3451,29882,896460,,
META,PUERTO GAITAN,4.005034467,-71.63157429,POINT (-71.63157429 4.005034467),CEPSA COLOMBIA S.A.,CARACARA SUR A,CARACARA,2480,2390,2237,2311,2145,2040,2164,2137,17904,537120,,
META,PUERTO GAITAN,4.005034467,-71.63157429,POINT (-71.63157429 4.005034467),CEPSA COLOMBIA S.A.,CARACARA SUR B Y C,CARACARA,1426,1388,1312,1261,1224,1395,1447,1430,10883,326490,,
META,PUERTO GAITAN,4.005034467,-71.63157429,POINT (-71.63157429 4.005034467),CEPSA COLOMBIA S.A.,ELIZITA,CARACARA,743,707,700,807,845,844,799,808,6253,187590,,
META,PUERTO GAITAN,4.005034467,-71.63157429,POINT (-71.63157429 4.005034467),HOCOL S.A.,GUARROJO,GUARROJO,1167,1210,1071,951,933,921,887,790,7930,237900,,
META,PUERTO GAITAN,4.005034467,-71.63157429,POINT (-71.63157429 4.005034467),Frontera Energy Colombia Corp Sucursal Colombia,HAMACA,CPE-6,2961,3300,3337,3383,2670,2508,3338,3524,25021,750630,,
META,PUERTO GAITAN,4.005034467,-71.63157429,POINT (-71.63157429 4.005034467),HOCOL S.A.,OCELOTE,GUARROJO,9110,8927,9079,8457,7993,7407,7867,8027,66867,2006010,,
META,PUERTO GAITAN,4.005034467,-71.63157429,POINT (-71.63157429 4.005034467),CEPSA COLOMBIA S.A.,PEGUITA,CARACARA,1395,1459,1543,1248,1256,1424,1411,1337,11073,332190,,
META,PUERTO GAITAN,4.005034467,-71.63157429,POINT (-71.63157429 4.005034467),CEPSA COLOMBIA S.A.,PEGUITA II,CARACARA,648,649,575,567,471,475,509,510,4404,132120,,
META,PUERTO GAITAN,4.005034467,-71.63157429,POINT (-71.63157429 4.005034467),CEPSA COLOMBIA S.A.,PEGUITA III,CARACARA,893,807,785,719,635,701,705,703,5948,178440,,
META,PUERTO GAITAN,4.005034467,-71.63157429,POINT (-71.63157429 4.005034467),CEPSA COLOMBIA S.A.,PEGUITA SW,CARACARA,610,599,620,609,594,552,566,557,4707,141210,,
META,PUERTO GAITAN,4.005034467,-71.63157429,POINT (-71.63157429 4.005034467),TECPETROL COLOMBIA SAS,PENDARE,CPO 13,2857,2585,2709,2765,1385,2394,2674,2366,19735,592050,,
META,PUERTO GAITAN,4.005034467,-71.63157429,POINT (-71.63157429 4.005034467),HOCOL S.A.,PINTADO,GUARROJO,1321,1314,1238,1277,1234,1178,1153,1215,9930,297900,,
META,PUERTO GAITAN,4.005034467,-71.63157429,POINT (-71.63157429 4.005034467),Frontera Energy Colombia Corp Sucursal Colombia,QUIFA,QUIFA,28761,28895,26562,22782,22510,21461,21668,22886,195525,5865750,,
META,PUERTO GAITAN,4.005034467,-71.63157429,POINT (-71.63157429 4.005034467),CEPSA COLOMBIA S.A.,RANCHO QUEMADO,CARACARA,106,108,108,118,113,111,110,108,882,26460,,
META,PUERTO GAITAN,4.005034467,-71.63157429,POINT (-71.63157429 4.005034467),ECOPETROL S.A.,RUBIALES,RUBIALES,103009,99687,100064,104484,102157,91713,101735,101232,804081,24122430,,
META,PUERTO GAITAN,4.005034467,-71.63157429,POINT (-71.63157429 4.005034467),CEPSA COLOMBIA S.A.,TORO SENTADO,CARACARA,228,225,224,219,224,220,219,227,1786,53580,,
META,PUERTO GAITAN,4.005034467,-71.63157429,POINT (-71.63157429 4.005034467),CEPSA COLOMBIA S.A.,TORO SENTADO NORTE,CARACARA,303,301,304,307,310,322,325,318,2490,74700,,
META,PUERTO GAITAN,4.005034467,-71.63157429,POINT (-71.63157429 4.005034467),CEPSA COLOMBIA S.A.,TORO SENTADO WEST,CARACARA,78,76,80,81,86,86,86,80,653,19590,,
META,PUERTO GAITAN,4.005034467,-71.63157429,POINT (-71.63157429 4.005034467),CEPSA COLOMBIA S.A.,UNUMA,CARACARA,20,49,96,93,66,67,63,59,513,15390,,
META,PUERTO LOPEZ,4.014298921,-72.64570499,POINT (-72.64570499 4.014298921),Iberoamericana de Hidrocarburos CQ Exploración y Producción S.A.S.,ALMAGRO,VALDIVIA ALMAGRO,471,461,460,458,401,449,437,427,3564,106920,,
META,PUERTO LOPEZ,4.014298921,-72.64570499,POINT (-72.64570499 4.014298921),ANDES PRODUCTION COMPANY LLC SUCURSAL COLOMBIA,LLANOS-58-4,LLA 58,0,486,487,472,477,489,489,484,3384,101520,,
META,PUERTO LOPEZ,4.014298921,-72.64570499,POINT (-72.64570499 4.014298921),Iberoamericana de Hidrocarburos CQ Exploración y Producción S.A.S.,VALDIVIA ALMAGRO,VALDIVIA ALMAGRO,284,270,267,279,247,275,273,281,2176,65280,,
META,VILLAVICENCIO,4.09166877,-73.49291595,POINT (-73.49291595 4.09166877),ECOPETROL S.A.,APIAY,APIAY,2221,2189,2023,2262,2072,2317,2076,2438,17598,527940,,
META,VILLAVICENCIO,4.09166877,-73.49291595,POINT (-73.49291595 4.09166877),ECOPETROL S.A.,APIAY ESTE,APIAY,290,254,256,211,226,247,482,452,2418,72540,,
META,VILLAVICENCIO,4.09166877,-73.49291595,POINT (-73.49291595 4.09166877),ECOPETROL S.A.,AUSTRAL,APIAY,134,166,279,313,263,250,234,263,1902,57060,,
META,VILLAVICENCIO,4.09166877,-73.49291595,POINT (-73.49291595 4.09166877),ECOPETROL S.A.,GAVAN,APIAY,1033,929,1030,955,751,815,880,762,7155,214650,,
META,VILLAVICENCIO,4.09166877,-73.49291595,POINT (-73.49291595 4.09166877),ECOPETROL S.A.,GUATIQUIA,APIAY,1956,1852,2028,1801,1444,1488,1667,1512,13748,412440,,
META,VILLAVICENCIO,4.09166877,-73.49291595,POINT (-73.49291595 4.09166877),ECOPETROL S.A.,LA REFORMA,APIAY,0,0,0,0,6,37,0,0,43,1290,,
META,VILLAVICENCIO,4.09166877,-73.49291595,POINT (-73.49291595 4.09166877),ECOPETROL S.A.,LIBERTAD NORTE,APIAY,182,132,160,139,159,169,174,190,1305,39150,,
META,VILLAVICENCIO,4.09166877,-73.49291595,POINT (-73.49291595 4.09166877),ECOPETROL S.A.,POMPEYA,APIAY,32,61,41,25,0,0,0,0,159,4770,,
META,VILLAVICENCIO,4.09166877,-73.49291595,POINT (-73.49291595 4.09166877),ECOPETROL S.A.,SAURIO,APIAY,0,0,0,0,0,178,549,562,1289,38670,,
META,VILLAVICENCIO,4.09166877,-73.49291595,POINT (-73.49291595 4.09166877),ECOPETROL S.A.,SURIA,APIAY,4322,4053,4767,4856,5298,5357,4876,5361,38890,1166700,,
META,VILLAVICENCIO,4.09166877,-73.49291595,POINT (-73.49291595 4.09166877),ECOPETROL S.A.,SURIA SUR,APIAY,1396,1069,1221,1333,1336,1113,1114,1046,9628,288840,,
META,VILLAVICENCIO,4.09166877,-73.49291595,POINT (-73.49291595 4.09166877),ECOPETROL S.A.,TANANE,APIAY,203,91,175,78,53,274,266,268,1408,42240,,
NARIÑO,IPIALES,0.497708465,-77.24047625,POINT (-77.24047625 0.497708465),ECOPETROL S.A.,SUCUMBIOS,AREA OCCIDENTAL,36,0,0,0,0,0,0,0,36,1080,,
NORTE DE SANTANDER,CUCUTA,8.112041811,-72.48862641,POINT (-72.48862641 8.112041811),Iberoamericana de Hidrocarburos CQ Exploración y Producción S.A.S.,RIO ZULIA,RIO ZULIA,481,483,463,475,469,452,448,446,3717,111510,,
NORTE DE SANTANDER,TIBU,8.713507237,-72.79925855,POINT (-72.79925855 8.713507237),ECOPETROL S.A.,PETRÓLEA,TIBU,2,0,2,0,0,0,0,0,4,120,,
NORTE DE SANTANDER,TIBU,8.713507237,-72.79925855,POINT (-72.79925855 8.713507237),ECOPETROL S.A.,SARDINATA,TIBU,96,85,57,34,68,50,81,93,564,16920,,
NORTE DE SANTANDER,TIBU,8.713507237,-72.79925855,POINT (-72.79925855 8.713507237),ECOPETROL S.A.,TIBÚ,TIBU,1838,1834,1904,1863,1303,104,319,547,9712,291360,,
PUTUMAYO,MOCOA,1.26070915,-76.66584349,POINT (-76.66584349 1.26070915),"GRAN TIERRA ENERGY COLOMBIA, LLC",MOQUETA,CHAZA,2372,2297,2242,2374,1987,956,2357,2296,16881,506430,,
PUTUMAYO,MOCOA,1.26070915,-76.66584349,POINT (-76.66584349 1.26070915),"GRAN TIERRA ENERGY COLOMBIA, LLC",TOROYACO,SANTANA,0,0,0,0,0,0,0,74,74,2220,,
PUTUMAYO,ORITO,0.673756323,-76.94313923,POINT (-76.94313923 0.673756323),ECOPETROL S.A.,CARIBE,AREA OCCIDENTAL,0,0,0,0,0,0,0,1393,1393,41790,,
PUTUMAYO,ORITO,0.673756323,-76.94313923,POINT (-76.94313923 0.673756323),ECOPETROL S.A.,CARIBE,AREA OCCIDENTAL,834,1148,1407,1457,1425,1421,1427,0,9119,273570,,
PUTUMAYO,ORITO,0.673756323,-76.94313923,POINT (-76.94313923 0.673756323),ECOPETROL S.A.,CHURUYACO,AREA OCCIDENTAL,0,0,0,0,0,0,0,98,98,2940,,
PUTUMAYO,ORITO,0.673756323,-76.94313923,POINT (-76.94313923 0.673756323),ECOPETROL S.A.,CHURUYACO,AREA OCCIDENTAL,160,164,178,152,37,81,156,0,928,27840,,
PUTUMAYO,ORITO,0.673756323,-76.94313923,POINT (-76.94313923 0.673756323),"GRAN TIERRA ENERGY COLOMBIA, LLC",NANCY,NANCY-BURDINE-MAXINE,320,310,264,241,47,31,267,223,1703,51090,,
PUTUMAYO,ORITO,0.673756323,-76.94313923,POINT (-76.94313923 0.673756323),ECOPETROL S.A.,ORITO,ORITO,1896,1965,1978,1804,1632,1887,1717,1580,14459,433770,,
PUTUMAYO,ORITO,0.673756323,-76.94313923,POINT (-76.94313923 0.673756323),ECOPETROL S.A.,QURIYANA,AREA OCCIDENTAL,0,156,626,585,133,224,583,551,2858,85740,,
PUTUMAYO,ORITO,0.673756323,-76.94313923,POINT (-76.94313923 0.673756323),ECOPETROL S.A.,SAN ANTONIO,AREA OCCIDENTAL,0,0,0,0,0,0,0,45,45,1350,,
PUTUMAYO,ORITO,0.673756323,-76.94313923,POINT (-76.94313923 0.673756323),ECOPETROL S.A.,SAN ANTONIO,AREA OCCIDENTAL,0,0,0,23,4,8,53,0,88,2640,,
PUTUMAYO,ORITO,0.673756323,-76.94313923,POINT (-76.94313923 0.673756323),ECOPETROL S.A.,SUCIO,AREA OCCIDENTAL,0,0,0,0,0,0,0,103,103,3090,,
PUTUMAYO,ORITO,0.673756323,-76.94313923,POINT (-76.94313923 0.673756323),ECOPETROL S.A.,SUCIO,AREA OCCIDENTAL,104,122,87,80,60,97,108,0,658,19740,,
PUTUMAYO,PUERTO ASIS,0.433884539,-76.52158203,POINT (-76.52158203 0.433884539),"GRAN TIERRA ENERGY COLOMBIA, LLC",COHEMBI,SURORIENTE,5847,3612,5043,4618,596,117,5576,5716,31125,933750,,
PUTUMAYO,PUERTO ASIS,0.433884539,-76.52158203,POINT (-76.52158203 0.433884539),"GRAN TIERRA ENERGY COLOMBIA, LLC",CUMPLIDOR,PUT-7,247,230,203,232,111,49,577,303,1952,58560,,
PUTUMAYO,PUERTO ASIS,0.433884539,-76.52158203,POINT (-76.52158203 0.433884539),AMERISUR EXPLORACION COLOMBIA LTD,PLATANILLO,PLATANILLO,2521,2367,1438,2198,741,402,1981,2347,13995,419850,,
PUTUMAYO,PUERTO ASIS,0.433884539,-76.52158203,POINT (-76.52158203 0.433884539),"GRAN TIERRA ENERGY COLOMBIA, LLC",QUILLACINGA,SURORIENTE,273,157,251,258,55,5,418,428,1845,55350,,
PUTUMAYO,PUERTO ASIS,0.433884539,-76.52158203,POINT (-76.52158203 0.433884539),"GRAN TIERRA ENERGY COLOMBIA, LLC",QUINDE,SURORIENTE,0,158,404,429,77,16,431,423,1938,58140,,
PUTUMAYO,PUERTO CAICEDO,0.70416861,-76.49864415,POINT (-76.49864415 0.70416861),ECOPETROL S.A.,MANSOYA,NORORIENTE,0,0,0,0,0,0,0,191,191,5730,,
PUTUMAYO,PUERTO CAICEDO,0.70416861,-76.49864415,POINT (-76.49864415 0.70416861),ECOPETROL S.A.,MANSOYA,NORORIENTE,189,195,189,188,55,62,203,0,1081,32430,,
PUTUMAYO,PUERTO CAICEDO,0.70416861,-76.49864415,POINT (-76.49864415 0.70416861),ECOPETROL S.A.,YURILLA,NORORIENTE,0,0,0,0,0,0,0,100,100,3000,,
PUTUMAYO,PUERTO CAICEDO,0.70416861,-76.49864415,POINT (-76.49864415 0.70416861),ECOPETROL S.A.,YURILLA,NORORIENTE,131,125,129,117,38,43,146,0,729,21870,,
PUTUMAYO,SAN MIGUEL,0.272449048,-76.84510459,POINT (-76.84510459 0.272449048),ECOPETROL S.A.,ACAE SAN MIGUEL,AREA SUR,0,0,0,0,0,0,0,1310,1310,39300,,
PUTUMAYO,SAN MIGUEL,0.272449048,-76.84510459,POINT (-76.84510459 0.272449048),ECOPETROL S.A.,ACAE SAN MIGUEL,AREA SUR,1405,1248,1224,1245,368,796,1518,0,7804,234120,,
PUTUMAYO,SAN MIGUEL,0.272449048,-76.84510459,POINT (-76.84510459 0.272449048),ECOPETROL S.A.,LORO,AREA SUR,252,208,13,0,19,104,124,0,720,21600,,
PUTUMAYO,VALLE DEL GUAMUEZ,0.42012589,-76.77067026,POINT (-76.77067026 0.42012589),ECOPETROL S.A.,HORMIGA,AREA SUR,0,0,0,0,0,0,0,26,26,780,,
PUTUMAYO,VALLE DEL GUAMUEZ,0.42012589,-76.77067026,POINT (-76.77067026 0.42012589),ECOPETROL S.A.,HORMIGA,AREA SUR,12,36,26,25,0,24,37,0,160,4800,,
PUTUMAYO,VALLE DEL GUAMUEZ,0.42012589,-76.77067026,POINT (-76.77067026 0.42012589),ECOPETROL S.A.,LORO,AREA SUR,0,0,0,0,0,0,0,331,331,9930,,
PUTUMAYO,VALLE DEL GUAMUEZ,0.42012589,-76.77067026,POINT (-76.77067026 0.42012589),ECOPETROL S.A.,LORO,AREA SUR,244,231,231,319,110,238,378,0,1751,52530,,
PUTUMAYO,VILLAGARZON,0.911149515,-76.74495447,POINT (-76.74495447 0.911149515),EMERALD ENERGY PLC SUCURSAL COLOMBIA,AGAPANTO,MARANTA,157,167,134,128,31,41,139,129,926,27780,,
PUTUMAYO,VILLAGARZON,0.911149515,-76.74495447,POINT (-76.74495447 0.911149515),"GRAN TIERRA ENERGY COLOMBIA, LLC",COSTAYACO,CHAZA,4410,4040,4063,4697,3398,1482,5032,6763,33885,1016550,,
PUTUMAYO,VILLAGARZON,0.911149515,-76.74495447,POINT (-76.74495447 0.911149515),"GRAN TIERRA ENERGY COLOMBIA, LLC",JUANAMBU,GUAYUYACO,301,336,344,308,297,262,307,294,2449,73470,,
PUTUMAYO,VILLAGARZON,0.911149515,-76.74495447,POINT (-76.74495447 0.911149515),EMERALD ENERGY PLC SUCURSAL COLOMBIA,MIRTO,MARANTA,256,214,297,363,66,99,372,326,1993,59790,,
PUTUMAYO,VILLAGARZON,0.911149515,-76.74495447,POINT (-76.74495447 0.911149515),"GRAN TIERRA ENERGY COLOMBIA, LLC",VONU,PUT 1,0,23,32,31,20,4,12,28,150,4500,,
SANTANDER,BARRANCABERMEJA,7.054074558,-73.78211646,POINT (-73.78211646 7.054074558),ECOPETROL S.A.,INFANTAS,LA CIRA INFANTAS,9088,9377,9036,8955,8953,8761,8385,8626,71181,2135430,,
SANTANDER,BARRANCABERMEJA,7.054074558,-73.78211646,POINT (-73.78211646 7.054074558),ECOPETROL S.A.,LA CIRA,LA CIRA INFANTAS,22321,22120,21286,21821,21885,21582,21658,21332,174005,5220150,,
SANTANDER,BARRANCABERMEJA,7.054074558,-73.78211646,POINT (-73.78211646 7.054074558),ECOPETROL S.A.,LLANITO UNIFICADO,MAGDALENA MEDIO-YARIGUI-CANTAGALLO,5565,6336,6514,6459,6511,6740,6344,6147,50616,1518480,,
SANTANDER,CIMITARRA,6.40972961,-74.17030427,POINT (-74.17030427 6.40972961),HADES E&P COLOMBIA S.A.S,ANGIE,OPÓN,54,52,51,44,25,41,45,49,361,10830,,
SANTANDER,PUERTO WILCHES,7.398198257,-73.8354696,POINT (-73.8354696 7.398198257),ECOPETROL S.A.,FLAMENCOS,MAGDALENA MEDIO-YARIGUI-CANTAGALLO,364,354,4,0,0,0,0,432,1154,34620,,
SANTANDER,PUERTO WILCHES,7.398198257,-73.8354696,POINT (-73.8354696 7.398198257),ECOPETROL S.A.,GARZAS,MAGDALENA MEDIO-YARIGUI-GARZAS,301,305,297,339,336,321,326,282,2507,75210,,
SANTANDER,PUERTO WILCHES,7.398198257,-73.8354696,POINT (-73.8354696 7.398198257),ECOPETROL S.A.,YARIGUÍ-CANTAGALLO,MAGDALENA MEDIO-YARIGUI-CANTAGALLO,3904,3991,3802,3147,3141,3815,3534,4081,29415,882450,,
SANTANDER,RIONEGRO,7.474226085,-73.37246417,POINT (-73.37246417 7.474226085),ECOPETROL S.A.,BONANZA,PROVINCIA P NORTE,1341,1291,1285,1275,1310,1306,1310,1316,10434,313020,,
SANTANDER,RIONEGRO,7.474226085,-73.37246417,POINT (-73.37246417 7.474226085),PAREX RESOURCES COLOMBIA LTD. SUCURSAL,BORANDA,BORANDA,488,515,520,648,522,467,413,497,4070,122100,,
SANTANDER,RIONEGRO,7.474226085,-73.37246417,POINT (-73.37246417 7.474226085),"GRAN TIERRA ENERGY COLOMBIA, LLC",COLÓN,LA PALOMA,184,195,173,167,170,159,168,164,1380,41400,,
SANTANDER,RIONEGRO,7.474226085,-73.37246417,POINT (-73.37246417 7.474226085),"GRAN TIERRA ENERGY COLOMBIA, LLC",JUGLAR,LA PALOMA,123,188,240,238,229,229,239,189,1675,50250,,
SANTANDER,SABANA DE TORRES,7.4065422,-73.57131807,POINT (-73.57131807 7.4065422),ECOPETROL S.A.,AULLADOR,PLAYON,293,291,296,290,287,282,279,276,2294,68820,,
SANTANDER,SABANA DE TORRES,7.4065422,-73.57131807,POINT (-73.57131807 7.4065422),PETROSANTANDER (COLOMBIA) INC.,CORAZÓN,CARARE LAS MONAS,28,29,26,17,29,25,33,27,214,6420,,
SANTANDER,SABANA DE TORRES,7.4065422,-73.57131807,POINT (-73.57131807 7.4065422),PETROSANTANDER (COLOMBIA) INC.,CORAZÓN WEST,CARARE LAS MONAS,34,31,68,193,255,230,179,177,1167,35010,,
SANTANDER,SABANA DE TORRES,7.4065422,-73.57131807,POINT (-73.57131807 7.4065422),ECOPETROL S.A.,CRISTALINA,MAGDALENA MEDIO-CRISTALINA,183,168,58,0,119,295,339,296,1458,43740,,
SANTANDER,SABANA DE TORRES,7.4065422,-73.57131807,POINT (-73.57131807 7.4065422),PETROSANTANDER (COLOMBIA) INC.,PAYOA,CARARE LAS MONAS,430,422,430,467,461,442,438,428,3518,105540,,
SANTANDER,SABANA DE TORRES,7.4065422,-73.57131807,POINT (-73.57131807 7.4065422),PETROSANTANDER (COLOMBIA) INC.,PAYOA WEST,CARARE LAS MONAS,8,8,8,8,9,8,8,7,64,1920,,
SANTANDER,SABANA DE TORRES,7.4065422,-73.57131807,POINT (-73.57131807 7.4065422),ECOPETROL S.A.,PROVINCIA,PROVINCIA P SUR,1874,1972,2053,1980,1921,1766,1821,1862,15249,457470,,
SANTANDER,SABANA DE TORRES,7.4065422,-73.57131807,POINT (-73.57131807 7.4065422),PETROSANTANDER (COLOMBIA) INC.,SALINA,CARARE LAS MONAS,961,979,913,905,926,926,937,925,7472,224160,,
SANTANDER,SAN VICENTE DE CHUCURI,6.894292346,-73.53900334,POINT (-73.53900334 6.894292346),ECOPETROL S.A.,COLORADO,MAGDALENA MEDIO-YARIGUI-CANTAGALLO,5,0,0,5,0,0,1,0,11,330,,
SANTANDER,SAN VICENTE DE CHUCURI,6.894292346,-73.53900334,POINT (-73.53900334 6.894292346),ECOPETROL S.A.,LISAMA,LISAMA NUTRIA,725,705,734,802,723,671,652,712,5724,171720,,
SANTANDER,SAN VICENTE DE CHUCURI,6.894292346,-73.53900334,POINT (-73.53900334 6.894292346),ECOPETROL S.A.,NUTRIA,LISAMA NUTRIA,807,667,596,837,1043,1048,1069,1043,7110,213300,,
SANTANDER,SAN VICENTE DE CHUCURI,6.894292346,-73.53900334,POINT (-73.53900334 6.894292346),ECOPETROL S.A.,TESORO,LISAMA NUTRIA,164,173,189,209,198,192,180,197,1502,45060,,
SANTANDER,SIMACOTA,6.494231551,-73.45910992,POINT (-73.45910992 6.494231551),PAREX RESOURCES COLOMBIA LTD. SUCURSAL,AGUAS BLANCAS,AGUAS BLANCAS,295,306,305,293,278,257,264,247,2245,67350,,
SUCRE,OVEJAS,9.549655271,-75.18855916,POINT (-75.18855916 9.549655271),HOCOL S.A.,BONGA,SAMAN,5,5,5,5,5,6,6,5,42,1260,,
SUCRE,OVEJAS,9.549655271,-75.18855916,POINT (-75.18855916 9.549655271),HOCOL S.A.,MAMEY,SAMAN,23,26,26,23,24,23,23,21,189,5670,,
SUCRE,SAN PEDRO,9.396835638,-75.03741815,POINT (-75.03741815 9.396835638),Frontera Energy Colombia Corp Sucursal Colombia,LA CRECIENTE,LA CRECIENTE,1,0,1,0,1,0,0,1,4,120,,
TOLIMA,ALVARADO,4.582625784,-74.98630686,POINT (-74.98630686 4.582625784),HOCOL S.A.,TOTARE,ARMERO,0,2,0,53,72,72,70,72,341,10230,,
TOLIMA,CHAPARRAL,3.743693084,-75.58986634,POINT (-75.58986634 3.743693084),HOCOL S.A.,OLINI,TOLIMA,51,50,50,49,10,29,47,43,329,9870,,
TOLIMA,CHAPARRAL,3.743693084,-75.58986634,POINT (-75.58986634 3.743693084),HOCOL S.A.,RÍO SALDAÑA,TOLIMA,1067,1054,1040,1033,644,885,990,960,7673,230190,,
TOLIMA,ESPINAL,4.166476969,-74.89352941,POINT (-74.89352941 4.166476969),Frontera Energy Colombia Corp Sucursal Colombia,ABANICO,ABANICO,392,386,359,365,356,354,359,343,2914,87420,,
TOLIMA,MELGAR,4.193215498,-74.60517497,POINT (-74.60517497 4.193215498),PERENCO OIL AND GAS COLOMBIA LIMITED.,EL NIÑO,BOQUERÓN,19,0,0,0,0,0,0,0,19,570,,
TOLIMA,MELGAR,4.193215498,-74.60517497,POINT (-74.60517497 4.193215498),PERENCO OIL AND GAS COLOMBIA LIMITED.,GUANDO,BOQUERÓN,4485,4403,4373,4401,4336,4259,4312,4296,34865,1045950,,
TOLIMA,MELGAR,4.193215498,-74.60517497,POINT (-74.60517497 4.193215498),PERENCO OIL AND GAS COLOMBIA LIMITED.,GUANDO SW,BOQUERÓN,2444,2356,2376,2325,2334,2359,2306,2272,18772,563160,,
TOLIMA,ORTEGA,3.937793962,-75.27824314,POINT (-75.27824314 3.937793962),HOCOL S.A.,ORTEGA,ORTEGA,184,184,184,185,178,180,122,0,1217,36510,,
TOLIMA,ORTEGA,3.937793962,-75.27824314,POINT (-75.27824314 3.937793962),HOCOL S.A.,PACANDE,ORTEGA,290,312,280,314,221,252,142,0,1811,54330,,
TOLIMA,ORTEGA,3.937793962,-75.27824314,POINT (-75.27824314 3.937793962),HOCOL S.A.,TOLDADO,TOLDADO,378,380,262,264,284,283,270,0,2121,63630,,
TOLIMA,ORTEGA,3.937793962,-75.27824314,POINT (-75.27824314 3.937793962),HOCOL S.A.,TOY,TOY,0,0,0,0,22,18,21,0,61,1830,,
TOLIMA,PIEDRAS,4.433764446,-74.99879938,POINT (-74.99879938 4.433764446),INTEROIL COLOMBIA EXPLORATION AND PRODUCTION,AMBROSÍA,AMBROSÍA,30,30,29,29,29,29,30,29,235,7050,,
TOLIMA,PIEDRAS,4.433764446,-74.99879938,POINT (-74.99879938 4.433764446),INTEROIL COLOMBIA EXPLORATION AND PRODUCTION,MANÁ,MANÁ,353,351,345,318,308,319,317,311,2622,78660,,
TOLIMA,PIEDRAS,4.433764446,-74.99879938,POINT (-74.99879938 4.433764446),INTEROIL COLOMBIA EXPLORATION AND PRODUCTION,RÍO OPIA,RÍO OPIA,22,21,19,16,16,15,15,14,138,4140,,
TOLIMA,PIEDRAS,4.433764446,-74.99879938,POINT (-74.99879938 4.433764446),HOCOL S.A.,TOQUI TOQUI,PULI,417,421,405,375,348,345,342,339,2992,89760,,
TOLIMA,PRADO,3.729166649,-74.87247706,POINT (-74.87247706 3.729166649),HOCOL S.A.,MATACHÍN SUR,ESPINAL,147,147,145,144,137,133,131,130,1114,33420,,
TOLIMA,PURIFICACIÓN,3.854281614,-74.87451155,POINT (-74.87451155 3.854281614),HOCOL S.A.,CHENCHE,CHENCHE,46,45,43,48,46,45,43,17,333,9990,,
TOLIMA,PURIFICACIÓN,3.854281614,-74.87451155,POINT (-74.87451155 3.854281614),HOCOL S.A.,MATACHÍN NORTE,ESPINAL,1189,1108,1123,1172,1159,1173,1121,1125,9170,275100,,
TOLIMA,PURIFICACIÓN,3.854281614,-74.87451155,POINT (-74.87451155 3.854281614),HOCOL S.A.,MATACHÍN SUR,ESPINAL,99,96,85,69,67,55,46,41,558,16740,,
TOLIMA,PURIFICACIÓN,3.854281614,-74.87451155,POINT (-74.87451155 3.854281614),HOCOL S.A.,PURIFICACIÓN,ESPINAL,0,0,0,0,0,0,0,20,20,600,,
TOLIMA,SAN LUIS,4.057271684,-75.16320806,POINT (-75.16320806 4.057271684),HOCOL S.A.,PACANDE,ORTEGA,68,67,68,67,64,21,46,0,401,12030,,
,,,,,,,,,,,,,,,,5858799," $175,763,970.00 ",,
,,,,,,,,,,,,,,,,175763970,,,
,,,,,,,,,,,,,,,,,136061375,,
,,,,,,,,,,,,,,,,,46714908,,
,,,,,,,,,,,,,,,,,20284834,,
,,,,,,,,,,,,,,,,,17717904,,
,,,,,,,,,,,,,,,,,9607404,,
,,,,,,,,,,,,,,,,,7922941,,
,,,,,,,,,,,,,,,,,7652042,,
,,,,,,,,,,,,,,,,,6811967,,
,,,,,,,,,,,,,,,,,5696995,,
,,,,,,,,,,,,,,,,,5260369,,
,,,,,,,,,,,,,,,,,3927051,,
,,,,,,,,,,,,,,,,,567907,,
,,,,,,,,,,,,,,,,,191235,,
,,,,,,,,,,,,,,,,,160229,,
,,,,,,,,,,,,,,,,,100255,,
,,,,,,,,,,,,,,,,,28624,,
,,,,,,,,,,,,,,,,,10621,,
,,,,,,,,,,,,,,,,,1288,,
,,,,,,,,,,,,,,,,,314,,
,,,,,,,,,,,,,,,,," $268,718,263.00 ",,
,,,,,,,,,,,,,,,,," $270,000,000.00 ",,
